
INSERT INTO Houses
	VALUES
		('Townhouse Terrors','123-Townies-Stockton-CA-95211','markymarkandfunky@email.com'),
		('Its Miller Time','321-OffCampus-Stockton-CA-95211','countryboy@email.com'),
		('Keurig Inc.','211-HeckIfIKnow-Stockton-CA-95211','keurigcoffee@email.com'),
		('The Mothership','290-ParentsPlace-Richmond Hill-GA-31324','mamabear@email.com'),
		('Revenge of the Sheth','111-Townies-Stockton-CA-95211','catlady@email.com');

INSERT INTO Residents
	VALUES
		('Frazzle Dazzle','Townhouse Terrors'),
		('Jazzy Jeff','Townhouse Terrors'),
		('Shouyu Lin','Townhouse Terrors'),
		('Tlalocs Mother','Revenge of the Sheth'),
		('Ryan Reynolds','Its Miller Time'),
		('Steven Segal','Its Miller Time'),
		('Jennifer Lopez','Its Miller Time'),
		('Austin Keurig','Keurig Inc.'),
		('Gordon Joseph Levitt','The Mothership');

INSERT INTO Moochers
	VALUES
		(100,'Jimmy','moviecritic@email.com','209-555-0000','111-Pacific-Stockton-CA'),
		(101,'Bob','bobbypins@email.com','209-555-1111','222-Pershing-Stockton-CA-95211'),
		(102,'Frazzle Dazzle','markymarkandfunky@email.com','408-555-1234','123-Townies-Stockton-CA-95211'),
		(103,'Jazzy Jeff','manbearpig@email.com','510-555-4321','123-Townies-Stockton-CA-95211'),
		(104,'Ichy','wiibowlerchamp@email.com','209-555-2345','432-Townies-Stockton-CA-95211'),
		(105,'Alice in Wonderland','surfinUSA@email.com','424-555-5432','321-KAT-Stockton-CA-95211'),
		(106,'Gordon Joseph Levitt','papabear@email.com','912-555-6789','290-ParentsPlace-Richmond Hill-GA-31324'),
		(107,'Little Orphan Annie','allergictoavocados@email.com','209-555-1395','456-DownOnMainStreet-Stockton-CA-95205');

INSERT INTO Items
	VALUES
		(1,'NBA Live 18','https://www.amazon.com/NBA-LIVE-18-One-PlayStation-4/dp/B074NJWFXH/ref=sr_1_1?ie=UTF8&qid=1520402701&sr=8-1&keywords=NBA+Live+18','Very Good','Townhouse Terrors',true),
		(2,'Witcher 3: Wild Hunt','https://www.amazon.com/Witcher-Wild-Hunt-Complete-PlayStation-4/dp/B01K6010FM','Very good','Townhouse Terrors',false),
		(3,'Call of Duty: Advanced Warfare','https://www.amazon.com/Call-Duty-Advanced-Warfare-PlayStation-4/dp/B00MU1YEZY/ref=sr_1_1_twi_gam_1?s=videogames&ie=UTF8&qid=1520403479&sr=1-1&keywords=call+of+duty+advanced+warfare+ps4','Good','Townhouse Terrors',true),
		(4,'Dark Souls III','https://www.amazon.com/Dark-Souls-III-PlayStation-4-Standard/dp/B00Z9LUFHS/ref=sr_1_2_twi_gam_1?s=videogames&ie=UTF8&qid=1520403653&sr=1-2&keywords=dark+souls+3','Very good','Townhouse Terrors',true),
		(5,'Destiny','https://www.amazon.com/Destiny-Standard-PlayStation-4/dp/B00BGA9Y3W/ref=sr_1_2_twi_gam_1?s=videogames&ie=UTF8&qid=1520403971&sr=1-2&keywords=destiny+ps4&dpID=51-gn4nMtQL&preST=_SY300_QL70_&dpSrc=srch','Good','Townhouse Terrors',true),
		(6,'God of War 3: Remastered','https://www.amazon.com/God-War-3-Remastered-PlayStation-4/dp/B00USM22DI/ref=sr_1_2_twi_gam_1?s=videogames&ie=UTF8&qid=1520404086&sr=1-2&keywords=god+of+war+3+ps4','Very good','Townhouse Terrors',true),
		(7,'Bloodborne','https://www.amazon.com/Bloodborne-PlayStation-4/dp/B00KVR4HEC/ref=sr_1_2_twi_gam_1?s=videogames&ie=UTF8&qid=1520404194&sr=1-2&keywords=bloodborne+ps4','Very good','Townhouse Terrors',false),
		(8,'Final Fantasy XV','https://www.amazon.com/Final-Fantasy-XV-PlayStation-4/dp/B00DBF829C/ref=ice_ac_b_dpb_twi_gam_1?s=videogames&ie=UTF8&qid=1520404643&sr=1-1&keywords=final+fantasy+xv+ps4','Very Good','Its Miller Time',true),
		(9,'Acoustic-Electric Guitar','https://www.amazon.com/gp/product/B01DW6A62K/ref=s9_acsd_topr_hd_bw_boEH1_c_x_1_w?pf_rd_m=ATVPDKIKX0DER&pf_rd_s=merchandised-search-4&pf_rd_r=Z8TQAJAG6H05BF0X7GNT&pf_rd_t=101&pf_rd_p=a28cf929-cf0b-5857-aef8-d862a6cb7d5f&pf_rd_i=11971271','Very good','Its Miller Time',true),
		(10,'Ukulele','https://www.amazon.com/gp/product/B01HQGW39Q/ref=s9_acsd_top_hd_bw_boEKj_c_x_1_w?pf_rd_m=ATVPDKIKX0DER&pf_rd_s=merchandised-search-3&pf_rd_r=ABWM0WQ567S56FKVFWDX&pf_rd_t=101&pf_rd_p=ae6a26f9-0195-53af-a8b8-93c50f61f5ed&pf_rd_i=11971501','Very good','Its Miller Time',false),
		(11,'Rocket League','https://www.amazon.com/Rocket-League-Collectors-Xbox-One/dp/B01D9T0BAC/ref=sr_1_3_twi_gam_1?s=videogames&ie=UTF8&qid=1520404923&sr=1-3&keywords=rocket+league+xbox+one','Very good','Its Miller Time',true),
		(12,'Call of Duty: WWII','https://www.amazon.com/Call-Duty-WWII-PlayStation-4-Standard/dp/B071QY1WLY/ref=sr_1_2_twi_gam_1?s=videogames&ie=UTF8&qid=1520405103&sr=1-2&keywords=call+of+duty+ww2+ps4','Very good','Its Miller Time',true),
		(13,'Star Trek: The Original Series','https://www.amazon.com/Star-Trek-Original-Leonard-Nimoy/dp/B013Q1BVIE/ref=ice_ac_b_dpb_twi_dvd_1?ie=UTF8&qid=1520405444&sr=8-3&keywords=star+trek+the+complete+series','Very good','Revenge of the Sheth',true),
		(14,'The Aristocats','https://www.amazon.com/Aristocats-Special-Scatman-Crothers/dp/B0084IHVGG/ref=sr_1_3?s=movies-tv&ie=UTF8&qid=1520405556&sr=1-3&keywords=aristocats&dpID=51yjaFCG5pL&preST=_SY300_QL70_&dpSrc=srch','Good','Revenge of the Sheth',false),
		(15,'Disc Golf Beginner Set','https://www.amazon.com/Driven-Disc-Golf-Set-Satisfaction/dp/B00HCZTS9K/ref=sr_1_9?s=sports-and-fitness&ie=UTF8&qid=1520405834&sr=1-9&keywords=disc+golf+set','Good','Keurig Inc.',true),
		(16,'Die Hard','https://www.amazon.com/Die-Hard-Bruce-Willis/dp/B000O77SRC/ref=ice_ac_b_dpb_twi_dvd_1?s=movies-tv&ie=UTF8&qid=1520405933&sr=1-2&keywords=die+hard+movie','Good','The Mothership',true),
		(17,'Dirty Harry Collection','https://www.amazon.com/Dirty-Harry-Collection-Various/dp/B00XPYGZDO/ref=ice_ac_b_dpb_twi_dvd_1?s=movies-tv&ie=UTF8&qid=1520406007&sr=1-1&keywords=dirty+harry+collection','Very Good','The Mothership',true),
		(18,'Star Trek: The Original Series Movies','https://www.amazon.com/Star-Trek-Original-Picture-Collection/dp/B016OLA15C/ref=sr_1_2?s=movies-tv&ie=UTF8&qid=1520406080&sr=1-2&keywords=star+trek+movies+collection','Okay','The Mothership',false),
		(19,'Disc Golf Bag','https://www.amazon.com/Innova-Champion-Discs-Standard-Camo/dp/B00DF41FNE/ref=sr_1_2?s=movies-tv&ie=UTF8&qid=1520406386&sr=8-2&keywords=disc+golf+bag','Very good','Keurig Inc.',true),
		(20,'Buster Posey Edition Wood Bat','https://www.amazon.com/Marucci-Buster-Posey-POSEY28-Baseball/dp/B071JVS4YB/ref=sr_1_2?s=movies-tv&ie=UTF8&qid=1520406524&sr=8-2&keywords=buster+posey+wood+bat','Okay','The Mothership',true),
		(21,'Baseballs','https://www.amazon.com/Rawlings-Official-Recreational-Baseballs-MENOLB3BAG12/dp/B0000CA8WW/ref=sr_1_4?s=sporting-goods&ie=UTF8&qid=1520406588&sr=1-4&keywords=baseballs','Okay','Townhouse Terrors',true);

INSERT INTO Media 
	VALUES
		(1,'Sports',2017,'E','Videogame','EA','PS4'),
		(2,'Sci-Fi/Fantasy RPG',2015,'M','Videogame','CD Projekt Red','PS4'),
		(3,'Action',2014,'M','Videogame','Sledgehammer Games','PS4'),
		(4,'Action',2016,'M','Videogame','FromSoftware','PS4'),
		(5,'Action',2014,'M','Videogame','Bungie','PS4'),
		(6,'Action',2015,'M','Videogame','SCE Santa Monica Studio','PS4'),
		(7,'Action',2015,'M','Videogame','FromSoftware','PS4'),
		(8,'Sci-Fi/Fantasy RPG',2016,'T','Videogame','Square Enix','PS4'),
		(11,'Sports',2016,'E','Videogame','Psyonix','Xbox One'),
		(12,'Action',2017,'M','Videogame','Sledgehammer Games','Xbox One'),
		(13,'Sci-Fi/Fantasy',1966,'NR','TV Show','NBC','Blu-ray'),
		(14,'Animation',1970,'G','Movie','Walt Disney Productions','SD'),
		(16,'Action',1988,'R','Movie','Silver Pictures','SD'),
		(17,'Action',1971,'R','Movie','The Malpaso Company','SD'),
		(18,'Sci-Fi/Fantasy',1979,'PG','Movie','Paramount Studios','Blu-ray');

INSERT INTO Equipment
	VALUES
		(9,'Yamaha'),
		(10,'Mahalo'),
		(15,'Innova'),
		(19,'Innova'),
		(20,'Marrucci'),
		(21,'Rawlings');

INSERT INTO Sports_equipment
	VALUES
		(15,'Disc Golf',1),
		(19,'Disc Golf',1),
		(20,'Baseball',2),
		(21,'Baseball',25);

INSERT INTO Musical_instruments
	VALUES
		(9,'Strings'),
		(10,'Strings');

INSERT INTO Holds
	VALUES
		(12,102,1),
		(12,104,2),
		(19,103,1),
		(15,103,1);

INSERT INTO Rent_log
	VALUES
		('Keurig Inc.',15,105,Date('2018-03-07'),Date('2018-03-15')),
		('Keurig Inc.',19,105,Date('2018-03-07'),Date('2018-03-15')),
		('Townhouse Terrors',1,105,Date('2018-01-20'),Date('2018-01-30')),
		('The Mothership',20,102,Date('2016-04-15'),Date('2017-05-21')),
		('Revenge of the Sheth',13,106,Date('1966-09-08'),Date('2018-02-12')),
		('Revenge of the Sheth',13,102,Date('2018-02-12'),Date('2018-02-24')),
		('Its Miller Time',12,101,Date('2018-03-04'),Date('2018-03-20'));

INSERT INTO Customer_reviews
	VALUES
		('Townhouse Terrors',105,'I just wanted to borrow NBA Live 18, but Frazzle wouldnt stop talking. Apparently he talks at home just as much as he does in class. So annoying...',1),
		('Townhouse Terrors',103,'I saw the review from Alice in Wonderland, and I will confirm that Frazzle probably talks even more at the townies than in class. I will take the hit in stars just to point that out.',2),
		('Revenge of the Sheth',102,'Katya is the nicest, and will let you play with her cat while you wait for your Moochers order to be completed.',5),
		('The Mothership',102,'Not only do they have the best movies, but Mom and Dad also make meals and popcorn to go with the movies.  Absolutely no complaints, cant wait to go back for Spring Break',5),
		('Its Miller Time',102,'Has a better guitar than I do. Love to borrow it all the time. I guess Ryan is pretty cool too, but I mainly use him for the guitar ;P',5),
		('Its Miller Time',103,'Rocket League is the best game ever! I rent it out so we can have it reserved to play at their place on the weekends',5),
		('Keurig Inc.',102,'Who knew 8-Mile-Rd was the most beautiful part of Stockton!?  Not my first impression, but super fun to borrow his discs while we play disc golf',5);